source_id,source_organisation,dataset_title,publication_year,geography,population_universe,sample_size,methodology,source_type,original_url,confidence,limitations,intended_tableau_use
S01,"Ministerio de Educación, Formación Profesional y Deportes",Datos avance 2025-2026 — alumnado matriculado,2026,Spain,Children enrolled in first-cycle Early Childhood Education; official education system administrative records,Not applicable — administrative statistics,"Administrative/provisional education statistics; enrolled population, not a sample survey",Official administrative statistics,https://www.educacionfpydeportes.gob.es/servicios-al-ciudadano/estadisticas/no-universitaria/alumnado/matriculado/2025-2026-da.html,High,"2025-26 data are provisional. The 50.2% metric refers specifically to ages 0-2, not the full 0-3 KinderFlow target.",Market opportunity KPIs
S02,Instituto Nacional de Estadística (INE),Encuesta sobre Equipamiento y Uso de TIC en los Hogares 2025,2025,Spain / Madrid,"Main family dwellings in Spain and residents; one person aged 16+ selected per dwelling, with information on children aged 10-15","26,862 dwellings (theoretical sample)",Three-stage stratified sample survey; collection 31 Mar-13 Jul 2025 via telephone and web,Official sample survey,https://www.ine.es/dyngs/Prensa/TICH2025.htm,High,Not a survey of parents. Age-band GenAI results are proxies for plausible parent-age cohorts; subgroup N is not reported in the press-release evidence used.,Digital and GenAI readiness
S03,Instituto Nacional de Estadística (INE),Encuesta sobre el uso de TIC y del comercio electrónico en las empresas 2024-2025,2025,Spain,"Spanish enterprises stratified by size, activity and autonomous community","25,000 companies: 15,074 with 10+ employees and 9,926 with fewer than 10",Official stratified enterprise ICT survey,Official sample survey,https://www.ine.es/dynt3/metadatos/RespuestaDatos.html?oper=129,High,Headline AI/cloud metrics for 10+ employee firms are contextual and not a direct match for Chleo's approximately 5-10 employee business.,Optional AI/business context; source metadata
S04,Eurostat,Use of artificial intelligence in enterprises,2025,European Union,EU enterprises with 10+ employees/self-employed persons in covered sectors,Varies by national enterprise ICT survey; harmonised EU statistics,Official harmonised ICT usage statistics compiled from national statistical authorities,Official EU statistics,https://ec.europa.eu/eurostat/statistics-explained/index.php?title=Use_of_artificial_intelligence_in_enterprises,High,Not childcare-specific and does not directly represent microenterprises below 10 employees.,Optional Why-now context
S05,Baby Sign Spain,Product / service evidence,2026,Spain,Not applicable — competitor/vendor product evidence,Not applicable — vendor source,Manual feature review of provider's own public product/service information,Vendor evidence,https://www.babysignspain.com/,Medium,"Use only for competitor features, positioning and observed commercial model; not market share or willingness-to-pay evidence.",Competitive positioning
S06,Háblame Con Las Manos (HCLM),Baby Sign product / training evidence,2026,Spain,Not applicable — competitor/vendor product evidence,Not applicable — vendor source,Manual feature review of provider's public offer,Vendor evidence,https://hablameconlasmanos.com/,Medium,Feature and positioning evidence only; not audited reach or market-share evidence.,Competitive positioning
S07,BabySignLanguage.com,Baby Sign Language product evidence,2026,International,Not applicable — competitor/product evidence,Not applicable — vendor/product source,Manual feature review of public digital product,Vendor evidence,https://www.babysignlanguage.com/,Medium,International benchmark; not evidence of Spanish demand.,Competitive positioning
S08,Baby Sign and Learn,Baby Sign and Learn product evidence,2026,International,Not applicable — competitor/product evidence,Not applicable — vendor/product source,Manual feature review of public product,Vendor evidence,https://www.babysignandlearn.com/,Medium,"International benchmark; scoring is based on observed product characteristics, not market performance.",Competitive positioning
S09,KinderFlow,Target positioning hypothesis,2026,Spain / Madrid pilot,Not applicable — consulting hypothesis,Not applicable,Strategic target positioning derived from validated research; requires user testing,Hypothesis,,Hypothesis,Not an observed market position and must not be presented as current performance.,Competitive positioning target
